{"cameraMode":{"drawMode":0,"name":"Shaded","section":"Shading Mode"},"sceneLighting":true,"audioPlay":false,"sceneViewState":{"m_AlwaysRefresh":false,"showFog":true,"showSkybox":true,"showFlares":true,"showImageEffects":true,"showParticleSystems":true,"showVisualEffectGraphs":true,"m_FxEnabled":true},"in2DMode":false,"pivot":{"x":-47.196815490722659,"y":567.2008056640625,"z":-4.6058349609375},"rotation":{"x":-0.004809474106878042,"y":-0.009903260506689549,"z":0.00004700112549471669,"w":-0.9999441504478455},"size":581.2676391601563,"orthographic":false}